Source,Target,Detail
Ant-Man,Wasp,
Baron Zemo,Winter Soldier,
Baron Zemo,Sam Wilson,
Black Panther,Winter Soldier,
Black Panther,Everett Ross,
Black Widow,Hulk,
Clint Barton,Black Widow,Recruited into S.H.I.E.L.D
Clint Barton,Scarlet Witch,
Corvus Glaive,Proxima Midnight,Married
Drax,Mantis,
Doctor Strange,Iron Man,
Gamora,Groot,
Gamora,Drax,
Gamora,Mantis,
Groot,Drax,
Groot,Mantis,
Hulk,Clint Barton,
Hulk,Vision,Created
Iron Man,Hulk,
Iron Man,Black Widow,
Iron Man,Clint Barton,
Iron Man,Vision,Created
Iron Man,War Machine,
Killmonger,Ulysses Klaue,
Killmonger,Black Panther,
Loki,Thanos,
Loki,Thor,Brother
Loki,The Other,
Loki,Heimdall,
Hela,Loki,Sister/Brother
Nebula,Gamora,
Nebula,Iron Man,
Odin,Thor,Father/Son
Odin,Loki,Adoptive Father/Son
Odin,Hela,Father/Daughter
Rocket Raccoon,Gamora,
Rocket Raccoon,Groot,
Rocket Raccoon,Drax,
Rocket Raccoon,Mantis,
Rocket Raccoon,Thor,
Sam Wilson,Ant-Man,
Sam Wilson,War Machine,
Sam Wilson,Winter Soldier,
Vision,Scarlet Witch,Married
Scarlet Witch,Quicksilver,Sister/Brother
Sharon Carter,Everett Ross,
Sharon Carter,Steve Rogers,
Spider-Man,Iron Man,
Spider-Man,Doctor Strange,
Star-Lord,Gamora,Lover
Star-Lord,Groot,
Star-Lord,Rocket Raccoon,
Star-Lord,Mantis,
Star-Lord,Drax,
Star-Lord,Thor,
Steve Rogers,Winter Soldier,
Steve Rogers,Iron Man,
Steve Rogers,Hulk,
Steve Rogers,Thor,
Steve Rogers,Black Widow,
Steve Rogers,Clint Barton,
Steve Rogers,Sam Wilson,
Steve Rogers,Scarlet Witch,
Thanos,Ebony Maw,Adoptive Father/Son
Thanos,Cull Obsidian,Adoptive Father/Son
Thanos,Proxima Midnight,Adoptive Father/Daughter
Thanos,Corvus Glaive,Adoptive Father/Son
Thanos,Gamora,Adoptive Father/Daughter
Thanos,Nebula,Adoptive Father/Daughter
Thanos,The Other,
Thor,Sif,
Thor,Heimdall,
Hela,Thor,Half Sister/Brother
Thor,Hulk,
Thor,Iron Man,
Thor,Black Widow,
Thor,Clint Barton,
Iron Man,Ultron,Created
Hulk,Ultron,Created
Ultron,Vision,
Ultron,Quicksilver,
Ultron,Scarlet Witch,
Ulysses Klaue,Ultron,Vibranium Deal
Valkyrie,Thor,
Valkyrie,Hulk,
Ronan the Accuser,Thanos,
Ronan the Accuser,Korath the Pursuer,
Yon-Rogg,Korath the Pursuer,
Captain Marvel,Yon-Rogg,
Supreme Intelligence,Captain Marvel,
Supreme Intelligence,Yon-Rogg,
Thor,Volstagg,
Thor,Fandral,
Thor,Hogun,
Erik Selvig,Thor,
Erik Selvig,Jane Foster,Teached
Erik Selvig,Darcy Lewis,Teached
Jane Foster,Darcy Lewis,
Thor,Jane Foster,
Frigga,Thor,
Odin,Frigga,Married
Hogun,Fandral,Warriors Three
Volstagg,Fandral,Warriors Three
Volstagg,Hogun,Warriors Three
Frigga,Loki,Adoptive Mother/Son
Phil Coulson,Quake,
Nick Fury,Phil Coulson,Entrusted S.H.I.E.L.D
Nick Fury,Iron Man,
Nick Fury,Steve Rogers,
Nick Fury,Black Widow,
Nick Fury,Clint Barton,
Nick Fury,Maria Hill,
Iron Man,Maria Hill,
Grant Ward,Maria Hill,
Nick Fury,Captain Marvel,
Phil Coulson,Sif,
Phil Coulson,Melinda May,
Phil Coulson,Grant Ward,
Phil Coulson,Leo Fitz,
Phil Coulson,Jemma Simmons,
Jemma Simmons,Leo Fitz,
Quake,Grant Ward,
Quake,Melinda May,
Quake,Jemma Simmons,
Grant Ward,Melinda May,
Melinda May,Lash,
Quake,Lash,
Quake,Antoine Triplett,
Grant Ward,Antoine Triplett,
Phil Coulson,Antoine Triplett,
John Garrett,Grant Ward,
John Garrett,Antoine Triplett,
John Garrett,Phil Coulson,
John Garrett,Deathlok,
Phil Coulson,Deathlok,
Quake,Deathlok,
Phil Coulson,Alphonso Mackenzie,
Alphonso Mackenzie,Yo-Yo Rodriguez,
Alphonso Mackenzie,Hope Mackenzie,
Alphonso Mackenzie,Ruben Mackenzie,
Quake,Yo-Yo Rodriguez,
Leo Fitz,Alphonso Mackenzie,
Leo Fitz,Deke Shaw,
Jemma Simmons,Deke Shaw,
Phil Coulson,Deke Shaw,
Quake,Deke Shaw,
Alphonso Mackenzie,Deke Shaw,
Phil Coulson,Yo-Yo Rodriguez,
Phil Coulson,Maria Hill,
Hive,Grant Ward,
Hive,Gideon Malick,
Gideon Malick,Grant Ward,
Gideon Malick,Giyera,
Hive,Giyera,
Nick Fury,Gideon Malick,
Hive,Lucio,
Bobbi Morse,Alphonso Mackenzie,
Bobbi Morse,Lance Hunter,
Alphonso Mackenzie,Lance Hunter,
Leo Fitz,Lance Hunter,
Phil Coulson,Lance Hunter,
Phil Coulson,Bobbi Morse,
Bobbi Morse,Jemma Simmons,
Quake,Joey Gutierrez,
Quake,Lincoln Campbell,
Joey Gutierrez,Lincoln Campbell,
Joey Gutierrez,Yo-Yo Rodriguez,
Yo-Yo Rodriguez,Lincoln Campbell,
Gordon,Lincoln Campbell,
Jiaying,Lincoln Campbell,
Jiaying,Gordon,
Jiaying,Alisha Whitley,
Hive,Alisha Whitley,
Leo Fitz,Aida,
Holden Radcliffe,Aida,
Holden Radcliffe,Leo Fitz,
Holden Radcliffe,Jemma Simmons,
Ghost Rider,Quake,
Ghost Rider,Alphonso Mackenzie,
Ghost Rider,Phil Coulson,
Jiaying,Kora,
Quake,Kora,
Nathaniel Malick,Gideon Malick,
Nathaniel Malick,Kora,
Nathaniel Malick,John Garrett,
Daniel Whitehall,Nathaniel Malick,
Daniel Whitehall,Gideon Malick,
Daniel Whitehall,Wolfgang von Strucker,
Daniel Whitehall,Hale,
Red Skull,Daniel Whitehall,
Wolfgang von Strucker,Scarlet Witch,
Wolfgang von Strucker,Quicksilver,
Daniel Whitehall,Sunil Bakshi,
Grant Ward,Sunil Bakshi,
List,Sunil Bakshi,
Wolfgang von Strucker,List,
List,Scarlet Witch,
List,Quicksilver,
Alexander Pierce,Nick Fury,
Alexander Pierce,Gideon Malick,
Alexander Pierce,Daniel Whitehall,
Alexander Pierce,Arnim Zola,
Red Skull,Arnim Zola,
Red Skull,Abraham Erskine,
Steve Rogers,Abraham Erskine,
Peggy Carter,Abraham Erskine,
Steve Rogers,Peggy Carter,
Peggy Carter,Sharon Carter,
Howard Stark,Abraham Erskine,
Howard Stark,Peggy Carter,
Howard Stark,Steve Rogers,
Howard Stark,Iron Man,
Howard Stark,Winter Soldier,
Alexander Pierce,Winter Soldier,
Alexander Pierce,Crossbones,
Winter Soldier,Crossbones,
Steve Rogers,Crossbones,
Black Widow,Crossbones,
Nick Fury,Melinda May,
Jasper Sitwell,Crossbones,
Jasper Sitwell,Phil Coulson,
Alexander Pierce,Jasper Sitwell,
Jasper Sitwell,John Garrett,
Jasper Sitwell,Grant Ward,
Jasper Sitwell,Wolfgang von Strucker,
Jasper Sitwell,Hale,
Wolfgang von Strucker,Hale,
Alexander Pierce,List,
Alexander Pierce,Wolfgang von Strucker,
Daniel Sousa,Quake,
Daniel Sousa,Peggy Carter,
Wilfred Malick,Daniel Sousa,
Wilfred Malick,Gideon Malick,
Wilfred Malick,Nathaniel Malick,
Hank Pym,Peggy Carter,
Hank Pym,Howard Stark,
Hank Pym,Ant-Man,
Hank Pym,Wasp,
Hank Pym,Janet van Dyne,
Janet van Dyne,Wasp,
Hank Pym,Yellowjacket,
Yellowjacket,Wasp,
Iron Man,Happy Hogan,
Iron Man,Pepper Potts,
Pepper Potts,Happy Hogan,
Pepper Potts,Happy Hogan,
Happy Hogan,Spider-Man,
Pepper Potts,Black Widow,
Iron Man,Iron Monger,
Pepper Potts,Phil Coulson,
Phil Coulson,Iron Man,
Phil Coulson,Thor,
Phil Coulson,Glenn Talbot,
Aida,Melinda May,
Glenn Talbot,Hale,
Glenn Talbot,Carl Creel,
Sunil Bakshi,Carl Creel,
Hale,Carl Creel,
Hale,Superior,
Aida,Superior,
Giyera,Felix Blake,
Felix Blake,Victoria Hand,
Victoria Hand,Phil Coulson,
Felix Blake,Phil Coulson,
Nick Fury,Felix Blake,
Nick Fury,Victoria Hand,
Felix Blake,Jasper Sitwell,
Darcy Lewis,Monica Rambeau,
Captain Marvel,Monica Rambeau,
Scarlet Witch,Monica Rambeau,
Nick Fury,Monica Rambeau,
Jimmy Woo,Monica Rambeau,
Jimmy Woo,Ant-Man,
Jimmy Woo,Melinda May,
Jimmy Woo,Darcy Lewis,
Thaddeus Ross,Hulk,
Thaddeus Ross,Iron Man,
Thaddeus Ross,War Machine,
Thaddeus Ross,Abomination,
Matthew Ellis,Thaddeus Ross,
Matthew Ellis,Phil Coulson,
Matthew Ellis,War Machine,
Matthew Ellis,Glenn Talbot,
Glenn Talbot,Patriot,
Phil Coulson,Patriot,
Matthew Ellis,Patriot,
Matthew Ellis,Rosalind Price,
Phil Coulson,Rosalind Price,
Gideon Malick,Rosalind Price,
Thaddeus Ross,Justin Hammer,
War Machine,Justin Hammer,
Justin Hammer,Whiplash,
Justin Hammer,Black Widow,
Anton Vanko,Howard Stark,
Anton Vanko,Whiplash,
Wenwu,Whiplash,
Wenwu,Shang-Chi,
Wenwu,Yellowjacket,
Odin,Destroyer,
Loki,Destroyer,
Laufey,Loki,
Loki,Sylvie,
Thaddeus Ross,Hawley,
Hawley,Gideon Malick,
Nick Fury,Hawley,
Matthew Ellis,Rodriguez,
Aldrich Killian,Rodriguez,
Aldrich Killian,Trevor Slattery,
Sharon Carter,Georges Batroc,
Sharon Carter,Karli Morgenthau,
Karli Morgenthau,Georges Batroc,
Nick Fury,Georges Batroc,
Yondu Udonta,Star-Lord,
Yondu Udonta,Kraglin Obfonteri,
Star-Lord,Kraglin Obfonteri,
Stakar Ogord,Yondu Udonta,
Star-Lord,Irani Rael,
Rhomann Dey,Irani Rael,
Star-Lord,Rhomann Dey,
Collector,Howard the Duck,
Collector,Grandmaster,
Collector,Sif,
Collector,Volstagg,
Collector,Gamora,
Collector,Carina,
Grandmaster,Valkyrie,
Grandmaster,Hulk,
Helen Cho,Clint Barton,Treated
Helen Cho,Ultron,
Erik Selvig,Helen Cho,
Helen Cho,Vision,Created
Ant-Man,Luis,
Wasp,Luis,
Black Panther,Ayo,
Winter Soldier,Ayo,
Okoye,Ayo,
Dormammu,Kaecilius,
Ancient One,Kaecilius,
Ancient One,Doctor Strange,
Ancient One,Karl Mordo,
Ancient One,Wong,
Doctor Strange,Wong,
Doctor Strange,Karl Mordo,
Karl Mordo,Wong,
Doctor Strange,Christine Palmer,
Ego,Mantis,
Ego,Star-Lord,
Ayesha,Yondu Udonta,
Ayesha,Adam Warlock,
Ayesha,Star-Lord,
Vulture,Mac Gargan,
Spider-Man,Liz Toomes,
Talos,Spider-Man,
Happy Hogan,May Parker,
May Parker,Spider-Man,
Vulture,Liz Toomes,
Spider-Man,MJ,
Spider-Man,Ned Leeds,
Ned Leeds,MJ,
Hela,Skurge,
Loki,Skurge,
Grandmaster,Topaz,
Grandmaster,Man-Thing,
Grandmaster,Beta Ray Bill,
Thor,Korg,
Thor,Miek,
Grandmaster,Miek,
Grandmaster,Korg,
Korg,Miek,
Killmonger,W'Kabi,
Okoye,W'Kabi,
Black Panther,Shuri,
Shuri,Vision,
Shuri,Nakia,
Black Panther,Nakia,
Okoye,Nakia,
Okoye,Black Widow,
Black Panther,M'Baku,
T'Chaka,Black Panther,
T'Chaka,Ramonda,
Ramonda,Black Panther,
T'Chaka,Shuri,
Ramonda,Shuri,
Shuri,Everett Ross,
Ant-Man,Jim Paxton,
Maggie Lang,Jim Paxton,
Ant-Man,Maggie Lang,
Ant-Man,Cassie Lang,
Maggie Lang,Cassie Lang,
Jim Paxton,Cassie Lang,
Wasp,Cassie Lang,
Hank Pym,Bill Foster,
Bill Foster,Ghost,
Janet van Dyne,Ghost,
Nick Fury,Talos,
Captain Marvel,Talos,
Maria Rambeau,Talos,
Maria Rambeau,Monica Rambeau,
Captain Marvel,Maria Rambeau,
Mar-Vell,Captain Marvel,
Mar-Vell,Maria Rambeau,
Iron Man,Mysterio,
Spider-Man,Mysterio,
Black Widow,Yelena Belova,
Black Widow,Red Guardian,
Yelena Belova,Red Guardian,
Red Guardian,Melina Vostokoff,
Melina Vostokoff,Yelena Belova,
Melina Vostokoff,Black Widow,
Dreykov,Red Guardian,
Dreykov,Melina Vostokoff,
Dreykov,Taskmaster,
Quake,Micro,
Micro,Punisher,
Punisher,Daredevil,
Punisher,Billy Russo,
Punisher,Dinah Madani,
Billy Russo,Lewis Wilson,
Curtis Hoyle,Lewis Wilson,
Punisher,Curtis Hoyle,
Curtis Hoyle,Billy Russo,
William Rawlins,Billy Russo,
Punisher,Karen Page,
Punisher,John Pilgrim,
Billy Russo,Krista Dumont,
Punisher,Amy Bendix,
Curtis Hoyle,Amy Bendix,
Dinah Madani,Amy Bendix,
Curtis Hoyle,Dinah Madani,
Micro,Dinah Madani,
Marion James,Dinah Madani,
Marion James,William Rawlins,
Kingpin,Punisher,
Daredevil,Karen Page,
Daredevil,Foggy Nelson,
Karen Page,Foggy Nelson,
Kingpin,James Wesley,
Ben Urich,Karen Page,
Kingpin,Leland Owlsley,
Kingpin,Vanessa Marianna,
Leland Owlsley,Madame Gao,
Daredevil,Claire Temple,
Daredevil,Elektra,
Daredevil,Stick,
Stick,Elektra,
Daredevil,Blake Tower,
William Rawlins,Ray Schoonover,
Ray Schoonover,Punisher,
Ray Schoonover,Billy Russo,
Daredevil,Ray Nadeem,
Kingpin,Ray Nadeem,
Benjamin Poindexter,Ray Nadeem,
Kingpin,Benjamin Poindexter,
Kingpin,Madame Gao,
Kingpin,Nobu Yoshioka,
Kingpin,Melvin Potter,
Daredevil,Melvin Potter,
Melvin Potter,Benjamin Poindexter,
Daredevil,Brett Mahoney,
Foggy Nelson,Brett Mahoney,
Brett Mahoney,Curtis Hoyle,
Curtis Hoyle,Dinah Madani,
Mitchell Ellison,Karen Page,
Mitchell Ellison,Ben Urich,
Kingpin,Turk Barrett,
Punisher,Turk Barrett,
Cottonmouth,Turk Barrett,
Diamondback,Turk Barrett,
Mary Walker,Turk Barrett,
Ward Meachum,Turk Barrett,
Foggy Nelson,Marci Stahl,
Jeri Hogarth,Marci Stahl,
Jeri Hogarth,Foggy Nelson,
Daredevil,Jessica Jones,
Daredevil,Luke Cage,
Daredevil,Iron Fist,
Jessica Jones,Luke Cage,
Jessica Jones,Iron Fist,
Luke Cage,Iron Fist,
Jessica Jones,Trish Walker,
Jessica Jones,Will Simpson,
Trish Walker,Will Simpson,
Jessica Jones,Malcolm Ducasse,
Trish Walker,Malcolm Ducasse,
Jeri Hogarth,Malcolm Ducasse,
Jessica Jones,Jeri Hogarth,
Iron Fist,Jeri Hogarth,
Kilgrave,Jessica Jones,
Kilgrave,Luke Cage,
Kilgrave,Will Simpson,
Kilgrave,Malcolm Ducasse,
Jeri Hogarth,Pryce Cheng,
Jessica Jones,Alisa Jones,
Karl Malus,Alisa Jones,Married
Karl Malus,Trish Walker,
Dorothy Walker,Trish Walker,
Dorothy Walker,Jessica Jones,
Jessica Jones,Erik Gelden,
Trish Walker,Erik Gelden,
Jeri Hogarth,Gregory Sallinger,
Luke Cage,Misty Knight,
Mariah Dillard,Cottonmouth,
Luke Cage,Claire Temple,
Cottonmouth,Shades,
Mariah Dillard,Shades,
Cottonmouth,Diamondback,
Mariah Dillard,Diamondback,
Tilda Johnson,Bushmaster,
Mariah Dillard,Tilda Johnson,
Bushmaster,Benjamin Donovan,
Kingpin,Benjamin Donovan,
Iron Fist,Colleen Wing,
Misty Knight,Colleen Wing,
Bakuto,Colleen Wing,
Iron Fist,Ward Meachum,
Iron Fist,Joy Meachum,
Iron Fist,Harold Meachum,
Harold Meachum,Joy Meachum,
Harold Meachum,Ward Meachum,
Ward Meachum,Joy Meachum,
Madame Gao,Harold Meachum,
Iron Fist,Davos,
Joy Meachum,Davos,
Claire Temple,Colleen Wing,
Claire Temple,Iron Fist,
Claire Temple,Jessica Jones,
Alexandra Reid,Madame Gao,
Alexandra Reid,Sowande,
Alexandra Reid,Murakami,
Alexandra Reid,Bakuto,
Madame Gao,Sowande,
Madame Gao,Murakami,
Madame Gao,Bakuto,
Bakuto,Murakami,
Bakuto,Sowande,
Murakami,Sowande,
Murakami,Nobu Yoshioka,
Ravonna Renslayer,Mobius M. Mobius,
Loki,Mobius M. Mobius,
Sylvie,Mobius M. Mobius,
U.S. Agent,Sam Wilson,
U.S. Agent,Winter Soldier,
Valentina,U.S. Agent,
Valentina,Yelena Belova,
Alexandra Reid,Elektra,
Paul Lantom,Daredevil,
Maggie Grace,Daredevil,
Paul Lantom,Maggie Grace,
Robert Gonzales,Bobbi Morse,
Robert Gonzales,Phil Coulson,
Robert Gonzales,Alphonso Mackenzie,
Nick Fury,Robert Gonzales,
Deke Shaw,Flint,
Alphonso Mackenzie,Flint,
Yo-Yo Rodriguez,Flint,
Jemma Simmons,Kasius,
Kasius,Sinara,
Enoch,Leo Fitz,
Enoch,Jemma Simmons,
Izel,Sarge,
Alphonso Mackenzie,Sarge,
Sarge,Snowflake,
Sarge,Jaco,
Jaco,Snowflake,
Eli Morrow,Ghost Rider,
John Garrett,Ian Quinn,
John Garrett,Raina,
Raina,Ian Quinn,
Quake,Raina,
Calvin Zabo,Raina,
Calvin Zabo,Quake,
Calvin Zabo,Jiaying,
Calvin Zabo,Daniel Whitehall,
Raina,Scorch,
Grant Ward,Raina,
Grant Ward,Agent 33,
Daniel Whitehall,Agent 33,
Grant Ward,Werner von Strucker,
Wolfgang von Strucker,Werner von Strucker,
Ruby Hale,Werner von Strucker,
Hale,Ruby Hale,
Hive,Hellfire,
Superior,Hellfire,
Felix Blake,Hellfire,
Enoch,Robin Hinton,
Melinda May,Robin Hinton,
Victoria Hand,Grant Ward,
Melinda May,Patriot,
Sibyl,Nathaniel Malick,
Ian Quinn,Franklin Hall,
Edwin Jarvis,Howard Stark,
Edwin Jarvis,Peggy Carter,
Luke Cage,Diamondback,
Sarge,Pax,
Jaco,Pax,
Snowflake,Pax,
Nick Fury,Eric Koenig,
Phil Coulson,Billy Koenig,
Phil Coulson,Sam Koenig,
LT Koenig,Eric Koenig,
LT Koenig,Billy Koenig,
LT Koenig,Sam Koenig,
Eric Koenig,Sam Koenig,
Eric Koenig,Billy Koenig,
Billy Koenig,Sam Koenig,
Yondu Udonta,Taserface,
Yondu Udonta,Charlie-27,
Yondu Udonta,Aleta Ogord,
Yondu Udonta,Mainframe,
Yondu Udonta,Krugarr,
Stakar Ogord,Charlie-27,
Stakar Ogord,Aleta Ogord,
Stakar Ogord,Mainframe,
Stakar Ogord,Krugarr,
Charlie-27,Aleta Ogord,
Charlie-27,Mainframe,
Charlie-27,Krugarr,
Aleta Ogord,Mainframe,
Aleta Ogord,Krugarr,
Mainframe,Krugarr,
Taserface,Kraglin Obfonteri,
Iron Man,Harley Keener,
Nick Fury,Cameron Klein,
Sharon Carter,Cameron Klein,
Sharon Carter,Sam Wilson,
Sharon Carter,Winter Soldier,
Clint Barton,Quicksilver,
Grant Ward,Leo Fitz,
Grant Ward,Jemma Simmons,
Quake,Piper,
Jemma Simmons,Piper,
Leo Fitz,Piper,
Piper,James Davis,
Quake,James Davis,
Jemma Simmons,James Davis,
Alphonso Mackenzie,Piper,
Alphonso Mackenzie,James Davis,
Yo-Yo Rodriguez,Melinda May,
Melinda May,Leo Fitz,
Melinda May,Jemma Simmons,
Quake,Leo Fitz,
Jemma Simmons,Patriot,
He Who Remains,Alioth,
He Who Remains,Kang the Conqueror,
Ned Leeds,Betty Brant,
Liz Toomes,Betty Brant,
Death Dealer,Shang-Chi,
Wenwu,Death Dealer,
Wenwu,Razor Fist,
Shang-Chi,Katy,
Alphonso Mackenzie,Quake,
Alphonso Mackenzie,Melinda May,
Alphonso Mackenzie,Jemma Simmons,
Deke Shaw,Enoch,
Lance Hunter,Melinda May,
Antoine Triplett,Jemma Simmons,
Lance Hunter,Isabelle Hartley,
Robert Gonzales,Isabelle Hartley,
Alphonso Mackenzie,Isabelle Hartley,
Bobbi Morse,Isabelle Hartley,
Sunil Bakshi,Blizzard,
Ian Quinn,Blizzard,
Anne Weaver,Robert Gonzales,
Yon-Rogg,Minn-Erva,
Yon-Rogg,Bron-Char,
Yon-Rogg,Att-Lass,
Melinda May,Flint,
Melinda May,Bobbi Morse,
Superior,Ellen Nadeer,
Holden Radcliffe,Ellen Nadeer,
Qovas,Hale,
Taryan,Qovas,
Taryan,Faulnak,
Taryan,Kasius,
Ernest Koenig,Enoch,
Ernest Koenig,Wilfred Malick,
Thurston Koenig,Eric Koenig,
Thurston Koenig,Billy Koenig,
Thurston Koenig,Sam Koenig,
Thurston Koenig,LT Koenig,
Jiaying,Quake,
Kora,Daniel Sousa,
Hive,Quake,
Hive,Holden Radcliffe,
Hive,Will Daniels,
Jemma Simmons,Will Daniels,
Hive,Nathaniel Malick,
Faulnak,Kasius,
U.S. Agent,Lemar Hoskins,
Clint Barton,Laura Barton,
Clint Barton,Lila Barton,
Laura Barton,Lila Barton,
Clint Barton,Cooper Barton,
Clint Barton,Nathaniel Barton,
Laura Barton,Cooper Barton,
Laura Barton,Nathaniel Barton,
Cooper Barton,Nathaniel Barton,
Cooper Barton,Lila Barton,
Nathaniel Barton,Lila Barton,
Mary Walker,Joy Meachum,
Iron Fist,Mary Walker,
Ward Meachum,Mary Walker,
Paul Edmonds,Mary Walker,
Paul Edmonds,Ward Meachum,
Paul Edmonds,Iron Fist,
Kingpin,Vladimir Ranskahov,
Kingpin,Anatoly Ranskahov,
Madame Gao,Vladimir Ranskahov,
Madame Gao,Anatoly Ranskahov,
Turk Barrett,Vladimir Ranskahov,
Turk Barrett,Anatoly Ranskahov,
Vladimir Ranskahov,Anatoly Ranskahov,
James Wesley,Madame Gao,
James Wesley,Nobu Yoshioka,
James Wesley,Vladimir Ranskahov,
James Wesley,Anatoly Ranskahov,
Rafael Hernandez,Punisher,
Rafael Hernandez,Dinah Madani,
Rafael Hernandez,Marion James,
Marion James,Punisher,
Chester Phillips,Steve Rogers,
Chester Phillips,Howard Stark,
Chester Phillips,Abraham Erskine,
Chester Phillips,Peggy Carter,
Sam Wilson,Sarah Wilson,
Sam Wilson,Isaiah Bradley,
Winter Soldier,Isaiah Bradley,
Alphonso Mackenzie,Marcus Benson,
Melinda May,Marcus Benson,
Lash,Marcus Benson,
Hela,Fenris,
Bor,Odin,
Malekith,Kurse,
Misty Knight,Rafael Scarfe,
Cottonmouth,Rafael Scarfe,
Luke Cage,Rafael Scarfe,
Misty Knight,Brigid O'Reilly,
Brigid O'Reilly,Mayhem,
Brigid O'Reilly,Cloak,
Brigid O'Reilly,Dagger,
Cloak,Dagger,
Cloak,Mayhem,
Dagger,Mayhem,
Lei Kung,Iron Fist,
Lei Kung,Davos,
Davos,Chen Wu,
Hai-Qing Yang,Mariah Dillard,
Iron Fist,Hai-Qing Yang,
Hai-Qing Yang,Sherry Yang,
Iron Fist,Sherry Yang,
Luke Cage,Pop,
Cottonmouth,Pop,
Luke Cage,Foggy Nelson,
Luke Cage,Mariah Dillard,
Luke Cage,Reva Connors,
Noah Burstein,Reva Connors,
Noah Burstein,Luke Cage,
Noah Burstein,Claire Temple,
Noah Burstein,Diamondback,
Noah Burstein,Pop,
Kilgrave,Reva Connors,
Charles Hinton,Robin Hinton,
Polly Hinton,Robin Hinton,
Charles Hinton,Polly Hinton,
Enoch,Polly Hinton,
Loki,Kid Loki,
Loki,Classic Loki,
Kid Loki,Classic Loki,
Captain Marvel,Black Widow,
Captain Marvel,War Machine,
Iron Monger,William Ginter Riva,
Mysterio,William Ginter Riva,
J. Jonah Jameson,William Ginter Riva,
J. Jonah Jameson,Pat Kiernan,
Talos,Soren,
Mar-Vell,Talos,
Mar-Vell,Soren,
Nick Fury,Soren,
Maria Rambeau,Soren,
Captain Marvel,Soren,
Black Panther,Okoye,
T'Chaka,N'Jobu,
Ulysses Klaue,N'Jobu,
Killmonger,N'Jobu,
Black Panther,W'Kabi,
Hulk,Betty Ross,
Thaddeus Ross,Betty Ross,
Hulk,Samuel Sterns,
Abomination,Samuel Sterns,
Thor,Classic Loki,
Calvin Zabo,Grant Ward,
Gideon Malick,Androvich,
Agatha Harkness,Scarlet Witch,
Tyler Hayward,Monica Rambeau,
Tyler Hayward,Jimmy Woo,
Tyler Hayward,Darcy Lewis,
Tyler Hayward,White Vision,
Scarlet Witch,Tommy Maximoff,
Scarlet Witch,Billy Maximoff,
Vision,Tommy Maximoff,
Vision,Billy Maximoff,
Agatha Harkness,Tommy Maximoff,
Agatha Harkness,Billy Maximoff,
Tommy Maximoff,Billy Maximoff,
Bobbi Morse,Agent 33,
Sunil Bakshi,Agent 33,
Benjamin Pollack,Claire Wise,
Jasper Sitwell,Benjamin Pollack,
Jasper Sitwell,Claire Wise,
Felix Blake,Claire Wise,
Crossbones,Jack Rollins,
Jasper Sitwell,Stern,
Justin Hammer,Stern,
Grant Ward,Kebo,
Gideon Malick,Stephanie Malick,
Raina,Edison Po,
John Garrett,Edison Po,
Jessica Jones,Hope Shlottman,
Jeri Hogarth,Hope Shlottman,
Kilgrave,Hope Shlottman,
Jessica Jones,Joy Meachum,
Jessica Jones,Oscar Arocho,
Albert Thompson,Kilgrave,
Jiaying,Eva Belyakov,
Eva Belyakov,Katya Belyakov,
Melinda May,Katya Belyakov,
Jiaying,Li,
Wenwu,Raza,
Iron Monger,Raza,
Iron Man,Ho Yinsen,
Wenwu,Xialing,
Shang-Chi,Xialing,
Shang-Chi,Jiang Nan,
Wenwu,Trevor Slattery,
Doctor Strange,Thor,
Dave,Kurt,
Ant-Man,Dave,
Ant-Man,Kurt,
Kurt,Luis,
Dave,Luis,
Clint Barton,Kate Bishop,
Shuri,Winter Soldier,
Benjamin Donovan,Cottonmouth,
Benjamin Donovan,Mariah Dillard,
Cottonmouth,Domingo Colon,
Mariah Dillard,Domingo Colon,
Lucy Bauer,Eli Morrow,
Samantha Reyes,Blake Tower,
Leo Fitz,Alistair Fitz,
Atarah,Enoch,
Sibyl,Malachi,
Atarah,Malachi,
Christian Ward,Grant Ward,
Thomas Ward,Grant Ward,
Christian Ward,Thomas Ward,
Flint,Tess,
Deke Shaw,Tess,
Robin Hinton,Samuel Voss,
Jemma Simmons,Abby,
Tye,Abby,
Tye,Ben,
Kasius,Ben,
Kasius,Tye,
Kasius,Abby,
Quake,Ben,
Sif,Vin-Tak,
Sibyl,Luke,
Daniel Sousa,Rick Stoner,
Ravonna Renslayer,Miss Minutes,
Mobius M. Mobius,Miss Minutes,
He Who Remains,Miss Minutes,
Hunter B-15,Miss Minutes,
Mobius M. Mobius,Hunter B-15,
Ravonna Renslayer,Hunter B-15,
Loki,Hunter B-15,
Sylvie,Hunter B-15,
Iron Man,Morgan Stark,
Pepper Potts,Morgan Stark,
Happy Hogan,Morgan Stark,
Aldrich Killian,Eric Savin,
Dinah Madani,Billy Russo,
Dinah Madani,Sam Stein,
Rafael Hernandez,Sam Stein,
William Rawlins,Carson Wolf,
Dinah Madani,Carson Wolf,
Sam Stein,Carson Wolf,
Micro,Sarah Lieberman,
Punisher,Sarah Lieberman,
Priscilla Ridley,Misty Knight,
Shades,Comanche,
James Lucas,Luke Cage,
James Lucas,Claire Temple,
James Lucas,Diamondback,
Jessica Jones,Eddy Costa,
Jeri Hogarth,Kith Lyonne,
Luke Cage,Bobby Fish,
Pop,Bobby Fish,
Inez Green,Shane Ryback,
Jeri Hogarth,Inez Green,
Luke Cage,Piranha Jones,
Mariah Dillard,Piranha Jones,
Malcolm Ducasse,Zaya Okonjo,
Jeri Hogarth,Zaya Okonjo,
Tom Ridenhour,Comanche,
Tom Ridenhour,Priscilla Ridley,
Jack Murdock,Daredevil,Father/Son
Jack Murdock,Maggie Grace,Married
Jack Murdock,Carl Creel,Attemped Fixed Match
Davos,Ryhno,
Ryhno,BB,
Davos,BB,
Joy Meachum,BB,
Colleen Wing,BB,
Kingpin,Tammy Hattley,
Tammy Hattley,Ray Nadeem,
Tammy Hattley,Benjamin Poindexter,
Madame Gao,Bride of Nine Spiders,
Madame Gao,Scythe,
Madame Gao,Zhou Cheng,
Nobu Yoshioka,Hirochi,
Madame Gao,King,
Bakuto,Darryl,
Colleen Wing,Darryl,
Bakuto,Harold Meachum,
Qovas,Crixon,
Qovas,Estella,
Qovas,Magei,
Qovas,Joqo,
Taryan,Crixon,
Taryan,Estella,
Taryan,Magei,
Taryan,Joqo,
Crixon,Estella,
Crixon,Magei,
Crixon,Joqo,
Estella,Magei,
Estella,Joqo,
Magei,Joqo,
Glenn Talbot,Qovas,
Oscar Arocho,Vido Arocho,
Jessica Jones,Vido Arocho,
Phil Coulson,Elliot Randolph,
Leo Fitz,Alya Fitz,
Jemma Simmons,Alya Fitz,
Hank Pym,Sonny Burch,
Wasp,Sonny Burch,
Captain Marvel,Ms. Marvel,
Black Widow,Rick Mason,
Dinah Madani,Ahmad Zubair,
Loki,Surtur,
Virgil,Deke Shaw,
Virgil,Tess,
Faulnak,Maston-Dar,
Brett Mahoney,Dinah Madani,
Kingpin,Marlene Vistain,
Kingpin,Bill Fisk,
Bill Fisk,Marlene Vistain,
Dum Dum Dugan,Steve Rogers,
Dum Dum Dugan,Winter Soldier,
Dum Dum Dugan,Chester Phillips,
Dum Dum Dugan,Peggy Carter,
Dum Dum Dugan,Howard Stark,
Quake,Miles Lydon,
Raina,Miles Lydon,
Patriot,Burrows,
Aida,Alistair Fitz,
John Pilgrim,Eliza Schultz,
John Pilgrim,Anderson Schultz,
Eliza Schultz,Anderson Schultz,
Anderson Schultz,David Schultz,
Eliza Schultz,David Schultz,
John Pilgrim,Rebecca Pilgrim,
Punisher,Gunner Henderson,
Micro,Gunner Henderson,
Billy Russo,Gunner Henderson,
William Rawlins,Gunner Henderson,
Ray Schoonover,Gunner Henderson,
John Pilgrim,Michael Pilgrim,
John Pilgrim,Lemuel Pilgrim,
Rebecca Pilgrim,Lemuel Pilgrim,
Rebecca Pilgrim,Michael Pilgrim,
Michael Pilgrim,Lemuel Pilgrim,
Punisher,Maria Castle,
Punisher,Lisa Castle,
Punisher,"Frank Castle, Jr.",
Maria Castle,Lisa Castle,
Maria Castle,"Frank Castle, Jr.",
Lisa Castle,"Frank Castle, Jr.",
Billy Russo,Maria Castle,
Billy Russo,Lisa Castle,
Billy Russo,"Frank Castle, Jr.",
Tom Ridenhour,Misty Knight,
Tom Ridenhour,Mariah Dillard,
Ronan the Accuser,Nebula,
Nebula,Black Widow,
Black Widow,Rocket Raccoon,
Black Widow,War Machine,
Baron Zemo,Oeznik,
Karli Morgenthau,Dovich,
Sam Wilson,Torres,
Micro,Leo Lieberman,
Micro,Zach Lieberman,
Punisher,Leo Lieberman,
Punisher,Zach Lieberman,
Sarah Lieberman,Leo Lieberman,
Sarah Lieberman,Zach Lieberman,
Leo Lieberman,Zach Lieberman,
Sif,Frigga,
Volstagg,Sif,
Fandral,Sif,
Hogun,Sif,
Loki,Volstagg,
Loki,Fandral,
Loki,Hogun,
Loki,Sif,
Odin,Heimdall,
Thor,Surtur,
Victoria Hand,Isabelle Hartley,
Keller,Nick Fury,
Keller,Phil Coulson,
Mar-Vell,Goose,
Nick Fury,Goose,
Ant-Man,Black Widow,
Ant-Man,Steve Rogers,
Stick,Shaft,
Stick,Jacques Duchamps,
Stick,Stone,
Stick,Quinn,
Stick,Iron Fist,
Shaft,Stone,
Jessica Jones,Whizzer,
Miklos Kozlov,Will Simpson,
Karl Malus,Miklos Kozlov,
Inez Green,Miklos Kozlov,
Inez Green,Karl Malus,
Miklos Kozlov,Whizzer,
Karl Malus,Whizzer,
Miklos Kozlov,Jessica Jones,
Karl Malus,Jessica Jones,
Luke Cage,Dave Griffith,
Bobby Fish,Dave Griffith,
Mama Mabel,Cottonmouth,
Mama Mabel,Mariah Dillard,
Mama Mabel,Benjamin Donovan,
Albert Rackham,Shades,
Albert Rackham,Comanche,
Albert Rackham,Noah Burstein,
Albert Rackham,Reva Connors,
Kilgrave,Louise Thompson,
Albert Thompson,Louise Thompson,
Albert Rackham,Luke Cage,
Wendell Rand,Iron Fist,
Heather Rand,Iron Fist,
Heather Rand,Wendell Rand,
Wendell Rand,Harold Meachum,
Priya,Davos,
Lei Kung,Priya,
Priya,Iron Fist,
Star-Lord,Iron Man,
Star-Lord,Doctor Strange,
Star-Lord,Spider-Man,
Nebula,War Machine,
Iron Man,Ant-Man,
Maria Stark,Howard Stark,
Maria Stark,Iron Man,
Clint Barton,Black Panther,
Hulk,Rocket Raccoon,
Hulk,Ant-Man,
Steve Rogers,Spider-Man,
Daniel Whitehall,Marcus Scarlotti,
Clint Barton,Marcus Scarlotti,
Loki,Clint Barton,
Loki,Erik Selvig,
Nebula,Taserface,
Star-Lord,Nebula,
Black Widow,Sam Wilson,
Captain Marvel,Iron Man,
Raza,Ho Yinsen,
Black Panther,Black Widow,
Spider-Man,Mantis,
Rocket Raccoon,Winter Soldier,
Thor,Groot,
Odin,Eitri,
Thor,Eitri,
Thanos,Eitri,
Thor,Vision,
Ebony Maw,Cull Obsidian,
Proxima Midnight,Cull Obsidian,
Corvus Glaive,Cull Obsidian,
Ebony Maw,Corvus Glaive,
Ebony Maw,Proxima Midnight,
Scarlet Witch,Sam Wilson,
Scarlet Witch,Black Widow,
Captain Marvel,Nebula,
Nebula,Rocket Raccoon,
Hulk,Ancient One,
Iron Man,Wong,
Hulk,Wong,
War Machine,Rocket Raccoon,
War Machine,Vision,
Nebula,Clint Barton,
Captain Marvel,Okoye,
Okoye,M'Baku,
Black Panther,Steve Rogers,Wakandan Shield
Black Panther,Sam Wilson,
Spider-Man,War Machine,
Vision,Steve Rogers,
War Machine,Hulk,
Drax,Nebula,
Steve Rogers,Groot,
Sarge,Melinda May,
Sarge,Quake,
Deke Shaw,Snowflake,
Stick,Luke Cage,
Stick,Jessica Jones,
Vanessa Marianna,James Wesley,
Vanessa Marianna,Benjamin Donovan,
Gideon Malick,John Garrett,
Gideon Malick,Wolfgang von Strucker,
John Garrett,Alexander Pierce,
Sunil Bakshi,John Garrett,
Androvich,Anton Petrov,
Gideon Malick,Anton Petrov,
Dimitri Olshenko,Androvich,
Dimitri Olshenko,Matthew Ellis,
Grant Ward,Lorelei,
Shuri,Ayo,
Wilfred Nagel,Sharon Carter,
Jakob Nystrom,Petra Larsen,
Malachi,Isaiah,
Enoch,Isaiah,
Holden Radcliffe,Superior,
Alisha Whitley,Lincoln Campbell,
Alisha Whitley,Gordon,
Lincoln Campbell,Phil Coulson,
Daredevil,Vladimir Ranskahov,
Enoch,Noah,
Foggy Nelson,Ben Urich,
Daredevil,Ben Urich,
Ellen Nadeer,Vijay Nadeer,
Jemma Simmons,Vijay Nadeer,
Superior,Tucker Shockley,
Ellen Nadeer,Tucker Shockley,
Spider-Man,Flash Thompson,
Liz Toomes,Flash Thompson,
MJ,Flash Thompson,
Black Widow,Taskmaster,
Quake,Gabe Reyes,
Ghost Rider,Gabe Reyes,
Eli Morrow,Gabe Reyes,
Audrey Nathan,Phil Coulson,
Audrey Nathan,Blackout,
Phil Coulson,Camilla Reyes,
Joseph Bauer,Lucy Bauer,
Joseph Bauer,Eli Morrow,
Yuri Zaikin,Superior,
Daniel Whitehall,Octavian Bloom,
Sunil Bakshi,Octavian Bloom,
List,Octavian Bloom,
Anton Vanko,Peggy Carter,
Anton Vanko,Edwin Jarvis,
Foggy Nelson,Theo Nelson,
Kingpin,Theo Nelson,
Foggy Nelson,Ray Nadeem,
Karen Page,Ray Nadeem,
Grotto,Foggy Nelson,
Grotto,Karen Page,
Grotto,Daredevil,
Grotto,Paul Lantom,
Grotto,Samantha Reyes,
Daredevil,Carl Hoffman,
Kingpin,Carl Hoffman,
Christian Blake,Carl Hoffman,
Christian Blake,Daredevil,
Christian Blake,Kingpin,
Brett Mahoney,Carl Hoffman,
Foggy Nelson,Carl Hoffman,
Collector,Cosmo,
Luke Cage,Bushmaster,
Bushmaster,Anansi,"Uncle, Mentor"
Bushmaster,Sheldon,
Daredevil,Jasper Evans,
Karen Page,Jasper Evans,
Foggy Nelson,Jasper Evans,
Kingpin,Jasper Evans,
Mitchell Ellison,Jasper Evans,
Daredevil,Vic Jusufi,
Kingpin,Vic Jusufi,
Kilgrave,Jeri Hogarth,
Jeri Hogarth,Wendy Ross-Hogarth,
Kilgrave,Wendy Ross-Hogarth,
Black Widow,Phil Coulson,
Clint Barton,Phil Coulson,
David Schultz,Curtis Hoyle,
Nikolai Poloznev,Punisher,
Nikolai Poloznev,Sergei Konchevsky,
Sergei Konchevsky,Amy Bendix,
Kazan,Sergei Konchevsky,
Kazan,Nikolai Poloznev,
Kazan,Turk Barrett,
Iron Fist,Radovan Bernivig,
Claire Temple,Radovan Bernivig,
Madame Gao,Radovan Bernivig,
Nobu Yoshioka,Elektra,
Leland Owlsley,Nobu Yoshioka,
Madame Gao,Nobu Yoshioka,
Stan Gibson,Nobu Yoshioka,
Stan Gibson,Daredevil,
Stan Gibson,Daniel Gibson,
Nobu Yoshioka,Daniel Gibson,
Hirochi,Stan Gibson,
Elektra,Hirochi,
Claire Temple,Daniel Gibson,
Daredevil,Daniel Gibson,
Claire Temple,Rafael Scarfe,
Claire Temple,Davos,
Claire Temple,Misty Knight,
Cockroach Hamilton,Mariah Dillard,
Cockroach Hamilton,Claire Temple,
Cockroach Hamilton,Benjamin Donovan,
Cockroach Hamilton,Misty Knight,
Cockroach Hamilton,Rafael Scarfe,
Claire Temple,Elena Cardenas,
Daredevil,Elena Cardenas,
Foggy Nelson,Elena Cardenas,
Karen Page,Elena Cardenas,
Dutton,Ray Schoonover,
Daredevil,John Healy,
Foggy Nelson,John Healy,
Turk Barrett,John Healy,
Kingpin,John Healy,
James Wesley,John Healy,
Turk Barrett,James Wesley,
Turk Barrett,Bobby Fish,Chess Friend
Turk Barrett,Karen Page,Both kidnapped by Nobu
Turk Barrett,Jeri Hogarth,
Priscilla Ridley,Blake Tower,Harlemâ€™s hostage crisis
Tammy Hattley,Blake Tower,Moved Fisk to FBI supervision
Ray Nadeem,Blake Tower,
Karen Page,Brett Mahoney,
Grotto,Brett Mahoney,
Punisher,Brett Mahoney,
Ian Boothby,Jane Foster,
Ian Boothby,Erik Selvig,
Ian Boothby,Darcy Lewis,
Micro,Curtis Hoyle,
Micro,Dinah Madani,
James Wesley,Marlene Vistain,
Karen Page,Marlene Vistain,
Ben Urich,Marlene Vistain,
Duane Porter,Billy Johnson,
Cloak,Billy Johnson,
James Connors,Brigid O'Reilly,
James Connors,Duane Porter,
Adina Johnson,Cloak,
Adina Johnson,Billy Johnson,
Otis Johnson,Cloak,
Otis Johnson,Billy Johnson,
Otis Johnson,Adina Johnson,
Nathan Bowen,Dagger,
Melissa Bowen,Dagger,
Nathan Bowen,Melissa Bowen,
Melissa Bowen,Greg Pressfield,
Greg Pressfield,Dagger,
Cloak,Evita Fusilier,
Dagger,Liam Walsh,
Brigid O'Reilly,Liam Walsh,
Tobias Ford,Melinda May,
Hannah Hutchins,Tobias Ford,
Ivan Hess,Mina Hess,
Cloak,Mina Hess,
Cloak,Ivan Hess,
Dagger,Ivan Hess,
Nathan Bowen,Ivan Hess,
He Who Remains,Loki,
He Who Remains,Sylvie,
Hawley,Black Widow,
Brigid O'Reilly,Kenneth Fuchs,
Cloak,Kenneth Fuchs,
Peter Scarborough,Nathan Bowen,
Peter Scarborough,Ivan Hess,
Evita Fusilier,Chantelle Fusilier,
Cloak,Chantelle Fusilier,
Ben Urich,Brigid O'Reilly,
Calvin Zabo,David Angar,
Calvin Zabo,Francis Noche,
Calvin Zabo,Karla Faye Gideon,
David Angar,Francis Noche,
David Angar,Karla Faye Gideon,
Karla Faye Gideon,Francis Noche,
Calvin Zabo,Wendell Levi,
David Angar,Wendell Levi,
Karla Faye Gideon,Wendell Levi,
Francis Noche,Wendell Levi,
Thomas Nash,John Garrett,
Kora,Li,
Kora,Gordon,
Gordon,Li,
Gordon,Calvin Zabo,
Minn-Erva,Att-Lass,
Att-Lass,Bron-Char,
Minn-Erva,Bron-Char,
Robin Hinton,Virgil,
Samuel Voss,Virgil,
Minn-Erva,Korath the Pursuer,
Att-Lass,Korath the Pursuer,
Bron-Char,Korath the Pursuer,
Meredith Quill,Ego,
Meredith Quill,Star-Lord,
Yondu Udonta,Ego,
Rocket Raccoon,Yondu Udonta,
Groot,Yondu Udonta,
Bereet,Star-Lord,
Duane Porter,Cloak,
Christine Everhart,Iron Man,
Christine Everhart,Justin Hammer,Interviewee
Christine Everhart,Matthew Ellis,Interviewee
Christine Everhart,Ant-Man,Interviewee
Maya Hansen,Iron Man,
Pepper Potts,Maya Hansen,
Maya Hansen,Aldrich Killian,
Mitchell Carson,Peggy Carter,
Mitchell Carson,Howard Stark,
Mitchell Carson,Hank Pym,
Mitchell Carson,Yellowjacket,
Vasily Karpov,Winter Soldier,
Vasily Karpov,Baron Zemo,
Lucian Aster,Kaecilius,
Lucian Aster,Dormammu,
Lucian Aster,Ancient One,
Jonathan Pangborn,Karl Mordo,
Jonathan Pangborn,Doctor Strange,
Jonathan Pangborn,Ancient One,
Tinkerer,Vulture,
Herman Schultz,Vulture,
Tinkerer,Herman Schultz,
Herman Schultz,Mac Gargan,
Jackson Brice,Vulture,
Jackson Brice,Prowler,
Mac Gargan,Prowler,
Spider-Man,Vulture,
Roger Harrington,Hulk,
Roger Harrington,Spider-Man,
Roger Harrington,MJ,
Roger Harrington,Flash Thompson,
Roger Harrington,Ned Leeds,
Roger Harrington,Liz Toomes,
Roger Harrington,Betty Brant,
Black Panther,Zuri,
N'Jobu,Zuri,
T'Chaka,Zuri,
Roger Harrington,Brad Davis,
Brad Davis,MJ,
Brad Davis,Spider-Man,
James Connors,Kenneth Fuchs,
William Rawlins,Punisher,
Francis Xavier Delgado,Cloak,
Francis Xavier Delgado,Mayhem,
Francis Xavier Delgado,Evita Fusilier,
Francis Xavier Delgado,Adina Johnson,
Papa Legba,Evita Fusilier,
Papa Legba,Chantelle Fusilier,
Papa Legba,Mayhem,
Papa Legba,Dagger,
Andre Deschaine,Lia Dewan,
Andre Deschaine,Dagger,
Lia Dewan,Dagger,
Evita Fusilier,Dagger,
Evita Fusilier,Brigid O'Reilly,
Papa Legba,Brigid O'Reilly,
Andre Deschaine,Melissa Bowen,
James Connors,Asa Henderson,
Evita Fusilier,Samedi,
Cloak,Samedi,
Dagger,Samedi,
Agnes Kitsworth,Holden Radcliffe,
Agnes Kitsworth,Aida,
Solomon,Cloak,
Nicodemus West,Doctor Strange,
Nicodemus West,Christine Palmer,
Leonard Samson,Betty Ross,
Leonard Samson,Hulk,
Pryce Cheng,Jessica Jones,
Pryce Cheng,Malcolm Ducasse,Former Employee
Gregory Sallinger,Zaya Okonjo,
Kith Lyonne,Peter Lyonne,
Malcolm Ducasse,Peter Lyonne,
Radovan Bernivig,King,
Alex Wilder,Nico Minoru,
Alex Wilder,Karolina Dean,
Alex Wilder,Chase Stein,
Alex Wilder,Gert Yorkes,
Alex Wilder,Molly Hernandez,
Nico Minoru,Karolina Dean,
Nico Minoru,Chase Stein,
Nico Minoru,Gert Yorkes,
Nico Minoru,Molly Hernandez,
Karolina Dean,Chase Stein,
Karolina Dean,Gert Yorkes,
Karolina Dean,Molly Hernandez,
Chase Stein,Gert Yorkes,
Chase Stein,Molly Hernandez,
Gert Yorkes,Molly Hernandez,
Victor Stein,Janet Stein,
Victor Stein,Geoffrey Wilder,
Victor Stein,Catherine Wilder,
Victor Stein,Robert Minoru,
Victor Stein,Tina Minoru,
Victor Stein,Stacey Yorkes,
Victor Stein,Leslie Dean,
Janet Stein,Geoffrey Wilder,
Janet Stein,Catherine Wilder,
Janet Stein,Robert Minoru,
Janet Stein,Tina Minoru,
Janet Stein,Stacey Yorkes,
Janet Stein,Leslie Dean,
Geoffrey Wilder,Catherine Wilder,
Geoffrey Wilder,Robert Minoru,
Geoffrey Wilder,Tina Minoru,
Geoffrey Wilder,Stacey Yorkes,
Geoffrey Wilder,Leslie Dean,
Catherine Wilder,Robert Minoru,
Catherine Wilder,Tina Minoru,
Catherine Wilder,Stacey Yorkes,
Catherine Wilder,Leslie Dean,
Robert Minoru,Tina Minoru,
Robert Minoru,Stacey Yorkes,
Robert Minoru,Leslie Dean,
Tina Minoru,Stacey Yorkes,
Tina Minoru,Leslie Dean,
Stacey Yorkes,Leslie Dean,
Victor Stein,Chase Stein,
Janet Stein,Chase Stein,
Geoffrey Wilder,Alex Wilder,
Catherine Wilder,Alex Wilder,
Robert Minoru,Nico Minoru,
Tina Minoru,Nico Minoru,
Stacey Yorkes,Gert Yorkes,
Dale Yorkes,Gert Yorkes,
Stacey Yorkes,Molly Hernandez,
Dale Yorkes,Molly Hernandez,
Leslie Dean,Karolina Dean,
Frank Dean,Karolina Dean,
Stacey Yorkes,Dale Yorkes,
Leslie Dean,Frank Dean,
Alex Wilder,Amy Minoru,
Nico Minoru,Amy Minoru,
Robert Minoru,Amy Minoru,
Tina Minoru,Amy Minoru,
Dale Yorkes,Janet Stein,
Dale Yorkes,Geoffrey Wilder,
Dale Yorkes,Catherine Wilder,
Dale Yorkes,Robert Minoru,
Dale Yorkes,Tina Minoru,
Dale Yorkes,Leslie Dean,
Dale Yorkes,Victor Stein,
Darius Davis,Geoffrey Wilder,
Magistrate,Karolina Dean,
Magistrate,Janet Stein,
Magistrate,Geoffrey Wilder,
Magistrate,Catherine Wilder,
Magistrate,Robert Minoru,
Magistrate,Tina Minoru,
Magistrate,Leslie Dean,
Magistrate,Victor Stein,
Magistrate,Dale Yorkes,
Magistrate,Stacey Yorkes,
Magistrate,Frank Dean,
Magistrate,Gene Hernandez,
Magistrate,Alice Hernandez,
Gene Hernandez,Alice Hernandez,
Gene Hernandez,Molly Hernandez,
Alice Hernandez,Molly Hernandez,
Gene Hernandez,Stacey Yorkes,
Alice Hernandez,Stacey Yorkes,
Gene Hernandez,Dale Yorkes,
Alice Hernandez,Dale Yorkes,
Darius Davis,Alex Wilder,
Gene Hernandez,Graciela Aguirre,
Alice Hernandez,Graciela Aguirre,
Molly Hernandez,Graciela Aguirre,
Tina Minoru,Flores,
Geoffrey Wilder,Flores,
Catherine Wilder,Flores,
Alligator Loki,Kid Loki,
Molly Hernandez,Topher,
Nico Minoru,Topher,
Gene Hernandez,Topher,
Alice Hernandez,Topher,
Gert Yorkes,Topher,
Alex Wilder,Livvie,
Darius Davis,Livvie,
Vaughn Kaye,Leslie Dean,
Vaughn Kaye,Frank Dean,
Vaughn Kaye,Karolina Dean,
Leslie Dean,Frances,
Frank Dean,Frances,
Leslie Dean,Aura,
Frank Dean,Aura,
Aura,Frances,
Darius Davis,Tamar,
Livvie,Tamar,
AWOL,Flores,
Magistrate,Aura,
Magistrate,Frances,
Geoffrey Wilder,AWOL,
Xavin,Karolina Dean,
Morgan le Fay,Nico Minoru,
Xavin,Leslie Dean,
Xavin,Molly Hernandez,
Krista Dumont,Dinah Madani,
Krista Dumont,Jake Nelson,
Billy Russo,Jake Nelson,
Morgan le Fay,Robert Minoru,
Morgan le Fay,Geoffrey Wilder,
Nico Minoru,Cloak,
Nico Minoru,Dagger,
Tamar,Geoffrey Wilder,
Morgan le Fay,AWOL,
Nico Minoru,Quinton the Great,
Chase Stein,Cloak,
Karolina Dean,Dagger,
Morgan le Fay,Quinton the Great,
Gert Yorkes,Cloak,
Morgan le Fay,Molly Hernandez,
Jack Rollins,Alexander Pierce,
Morgan le Fay,Tina Minoru,
Julie Barnes,Benjamin Poindexter,
Molly Hernandez,Eiffel,
Chase Stein,Eiffel,
Destiny Gonzalez,Leslie Dean,
Destiny Gonzalez,Karolina Dean,
Morgan le Fay,Bronwyn,
Morgan le Fay,Cassandra,
Bronwyn,Cassandra,
Ellen Brandt,Aldrich Killian,
Ellen Brandt,Eric Savin,
Roscoe,Miek,
Roscoe,Korg,
Hajo,Miek,
Hajo,Korg,
Grandmaster,Roscoe,
Grandmaster,Hajo,
Peggy Carter,Angie Martinelli,
Roger Dooley,Peggy Carter,
Roger Dooley,Daniel Sousa,
Roger Dooley,Jack Thompson,
Leet Brannis,Miles Van Ert,
Johann Fennhoff,Leet Brannis,
Johann Fennhoff,Sasha Demidov,
Johann Fennhoff,Arnim Zola,
Peggy Carter,Jack Thompson,
Daniel Sousa,Jack Thompson,
Peggy Carter,Ray Krzeminski,
Daniel Sousa,Ray Krzeminski,
Jack Thompson,Ray Krzeminski,
Roger Dooley,Ray Krzeminski,
John Flynn,Peggy Carter,
Ralph Bohner,Vision,
Ralph Bohner,Tommy Maximoff,
Ralph Bohner,Billy Maximoff,
Ralph Bohner,Agatha Harkness,
Ralph Bohner,Scarlet Witch,
Miriam Fry,Angie Martinelli,
Miriam Fry,Peggy Carter,
Miriam Fry,Dottie Underwood,
Angie Martinelli,Dottie Underwood,
Peggy Carter,Dottie Underwood,
Johann Fennhoff,Dottie Underwood,
Johann Fennhoff,Roger Dooley,
Ana Jarvis,Peggy Carter,
Ana Jarvis,Edwin Jarvis,
Jason Wilkes,Peggy Carter,
Calvin Chadwick,Jason Wilkes,
Calvin Chadwick,Whitney Frost,
Grill,Tess,
Grill,Virgil,
Kasius,Grill,
Vernon Masters,Calvin Chadwick,
Vernon Masters,Jack Thompson,
Calvin Chadwick,Rufus Hunt,
Calvin Chadwick,Hugh Jones,
Vernon Masters,Hugh Jones,
Hugh Jones,Miles Van Ert,
Hugh Jones,Rufus Hunt,
Thomas Gloucester,Rufus Hunt,
Thomas Gloucester,Hugh Jones,
Thomas Gloucester,Calvin Chadwick,
Thomas Gloucester,Vernon Masters,
Rose Roberts,Peggy Carter,
Rose Roberts,Daniel Sousa,
Yon-Rogg,Ronan the Accuser,
Bride of Nine Spiders,Scythe,
Aloysius Samberly,Rose Roberts,
Aloysius Samberly,Daniel Sousa,
Aloysius Samberly,Peggy Carter,
Whitney Frost,Hugh Jones,
Whitney Frost,Vernon Masters,
Whitney Frost,Joseph Manfredi,
Whitney Frost,Jason Wilkes,
Joseph Manfredi,Howard Stark,
Jason Wilkes,Howard Stark,
Peggy Carter,Michael Carter,
Sharon Carter,Michael Carter,
Black Bolt,Medusa,
Black Bolt,Crystal,
Black Bolt,Karnak,
Black Bolt,Gorgon,
Black Bolt,Triton,
Medusa,Crystal,
Medusa,Karnak,
Medusa,Gorgon,
Medusa,Triton,
Crystal,Karnak,
Crystal,Gorgon,
Crystal,Triton,
Crystal,Lockjaw,
Karnak,Gorgon,
Karnak,Triton,
Gorgon,Triton,
Maximus,Black Bolt,
Maximus,Medusa,
Maximus,Auran,
Maximus,Bronaja,
Bronaja,Iridia,
Mordis,Auran,
Mordis,Maximus,
Mordis,Flora,
Auran,Flora,
Auran,Sakas,
Flora,Sakas,
Black Bolt,Sammy,
Evan Declan,Sammy,
Medusa,Louise Fisher,
Maximus,Evan Declan,
Mordis,Locus,
Auran,Locus,
Sakas,Locus,
Flora,Locus,
Holo,Gorgon,
Dave ,Crystal,
Maximus,Tibor,
Dave ,Audrey,
Crystal,Audrey,
Audrey,Lockjaw,
Dave ,Lockjaw,
Karnak,Jen,
Black Bolt,Locus,
Maximus,Loyolis,
Iridia,Loyolis,
Bronaja,Loyolis,
Maximus,Eldrac,
Auran,Karnak,
Crystal,Eldrac,
Black Bolt,Eldrac,
Daimon Helstrom,Ana Helstrom,
Victoria Helstrom,Ana Helstrom,
Victoria Helstrom,Daimon Helstrom,
Oscar Clemons,Jessica Jones,
Oscar Clemons,Brett Mahoney,
Pam,Jeri Hogarth,
Malcolm Ducasse,Robyn,
Kilgrave,Robyn,
Jessica Jones,Robyn,
Daimon Helstrom,Gabriella Rosetti,
Daimon Helstrom,Louise Hastings,
Louise Hastings,Gabriella Rosetti,
Ana Helstrom,Chris Yen,
Ana Helstrom,Caretaker,
Ana Helstrom,Louise Hastings,
Caretaker,Chris Yen,
Caretaker,Esther Smith,
Louise Hastings,Ellis,
Victoria Helstrom,Kthara,
Kthara,Basar,
Kthara,Magoth,
Kthara,Raum,
Luther Banks,Giyera,
Luther Banks,Rosalind Price,
